S_No,Username,BaseName
1,Aarav101,Aarav
2,Vivaan102,Vivaan
3,Aditya103,Aditya
4,Arjun104,Arjun
5,Krishna105,Krishna
6,Rahul106,Rahul
7,Rohan107,Rohan
8,Karan108,Karan
9,Yash109,Yash
10,Harsh110,Harsh
11,Nikhil111,Nikhil
12,Prajwal112,Prajwal
13,Pranav113,Pranav
14,Ayaan114,Ayaan
15,Aryan115,Aryan
16,Ishaan116,Ishaan
17,Dev117,Dev
18,Rudra118,Rudra
19,Shivansh119,Shivansh
20,Laksh120,Laksh
21,Atharv121,Atharv
22,Manav122,Manav
23,Aniket123,Aniket
24,Siddharth124,Siddharth
25,Abhishek125,Abhishek
26,Aman126,Aman
27,Akash127,Akash
28,Ritesh128,Ritesh
29,Rajat129,Rajat
30,Deepak130,Deepak
31,Saurabh131,Saurabh
32,Varun132,Varun
33,Vikram133,Vikram
34,Rishabh134,Rishabh
35,Ayush135,Ayush
36,Parth136,Parth
37,Dhruv137,Dhruv
38,Mohit138,Mohit
39,Rohit139,Rohit
40,Tarun140,Tarun
41,Gaurav141,Gaurav
42,Sachin142,Sachin
43,Vivek143,Vivek
44,Shubham144,Shubham
45,Kunal145,Kunal
46,Hemant146,Hemant
47,Piyush147,Piyush
48,Ansh148,Ansh
49,Om149,Om
50,Kabir150,Kabir
51,Reyansh151,Reyansh
52,Vihaan152,Vihaan
53,Shaurya153,Shaurya
54,Arnav154,Arnav
55,Kartik155,Kartik
56,Neel156,Neel
57,Nirav157,Nirav
58,Tushar158,Tushar
59,Uday159,Uday
60,Sameer160,Sameer
61,Naveen161,Naveen
62,Vinay162,Vinay
63,Ashwin163,Ashwin
64,Tejas164,Tejas
65,Nitin165,Nitin
66,Chirag166,Chirag
67,Bhavesh167,Bhavesh
68,Jay168,Jay
69,Jatin169,Jatin
70,Lokesh170,Lokesh
71,Mihir171,Mihir
72,Darshan172,Darshan
73,Kishan173,Kishan
74,Anirudh174,Anirudh
75,Avinash175,Avinash
76,Danish176,Danish
77,Farhan177,Farhan
78,Imran178,Imran
79,Zaid179,Zaid
80,Faizan180,Faizan
81,Rehan181,Rehan
82,Pratik182,Pratik
83,Swapnil183,Swapnil
84,Sanket184,Sanket
85,Chetan185,Chetan
86,Mayank186,Mayank
87,Anmol187,Anmol
88,Ravindra188,Ravindra
89,Dinesh189,Dinesh
90,Mahesh190,Mahesh
91,Naresh191,Naresh
92,Ganesh192,Ganesh
93,Ajay193,Ajay
94,Vijay194,Vijay
95,Suraj195,Suraj
96,Sanjay196,Sanjay
97,Ramesh197,Ramesh
98,Mukesh198,Mukesh
99,Raj199,Raj
100,Rajesh200,Rajesh
101,Pradeep201,Pradeep
102,Amol202,Amol
103,Amar203,Amar
104,Amit204,Amit
105,Anand205,Anand
106,Anup206,Anup
107,Arpit207,Arpit
108,Ashish208,Ashish
109,Atul209,Atul
110,Balaji210,Balaji
111,Bharat211,Bharat
112,Bhavin212,Bhavin
113,Chandan213,Chandan
114,Cyril214,Cyril
115,Devesh215,Devesh
116,Eshan216,Eshan
117,Girish217,Girish
118,Hardik218,Hardik
119,Harshit219,Harshit
120,Hitesh220,Hitesh
121,Indrajeet221,Indrajeet
122,Jagdish222,Jagdish
123,Jai223,Jai
124,Jeevan224,Jeevan
125,Kailash225,Kailash
126,Kamlesh226,Kamlesh
127,Kaushik227,Kaushik
128,Keshav228,Keshav
129,Madhav229,Madhav
130,Manish230,Manish
131,Nakul231,Nakul
132,Naman232,Naman
133,Nilesh233,Nilesh
134,Nitinraj234,Nitinraj
135,Pratham235,Pratham
136,Prem236,Prem
137,Raghav237,Raghav
138,Rakesh238,Rakesh
139,Rituraj239,Rituraj
140,Sahil240,Sahil
141,Salman241,Salman
142,Samarth242,Samarth
143,Samar243,Samar
144,Sharad244,Sharad
145,Shashank245,Shashank
146,Shlok246,Shlok
147,Shrey247,Shrey
148,Shreyas248,Shreyas
149,Soham249,Soham
150,Sumit250,Sumit
151,Sunny251,Sunny
152,Tanmay252,Tanmay
153,Umesh253,Umesh
154,Utkarsh254,Utkarsh
155,Vaibhav255,Vaibhav
156,Ved256,Ved
157,Vedant257,Vedant
158,Venkatesh258,Venkatesh
159,Vinod259,Vinod
160,Vishal260,Vishal
161,Yatin261,Yatin
162,Yogesh262,Yogesh
163,Yuvraj263,Yuvraj
164,Abeer264,Abeer
165,Abhay265,Abhay
166,Abhinav266,Abhinav
167,Adarsh267,Adarsh
168,Agastya268,Agastya
169,Akhil269,Akhil
170,Alok270,Alok
171,Ameya271,Ameya
172,Anay272,Anay
173,Angad273,Angad
174,Arham274,Arham
175,Arjit275,Arjit
176,Armaan276,Armaan
177,Ashutosh277,Ashutosh
178,Avik278,Avik
179,Bhargav279,Bhargav
180,Bhuvan280,Bhuvan
181,Chaitanya281,Chaitanya
182,Chinmay282,Chinmay
183,Daksh283,Daksh
184,Devansh284,Devansh
185,Divyansh285,Divyansh
186,Eklavya286,Eklavya
187,Gagan287,Gagan
188,Gokul288,Gokul
189,Harit289,Harit
190,Hriday290,Hriday
191,Jash291,Jash
192,Kiaan292,Kiaan
193,Moksh293,Moksh
194,Nandan294,Nandan
195,Nisarg295,Nisarg
196,Ojas296,Ojas
197,Prithvi297,Prithvi
198,Rachit298,Rachit
199,Ronit299,Ronit
200,Sarvesh300,Sarvesh
201,Satvik301,Satvik
202,Shiv302,Shiv
203,Shivam303,Shivam
204,Shyam304,Shyam
205,Smit305,Smit
206,Srinivas306,Srinivas
207,Suyash307,Suyash
208,Tanish308,Tanish
209,Ujjwal309,Ujjwal
210,Vasu310,Vasu
211,Viraj311,Viraj
212,Yuvan312,Yuvan
213,Yashwant313,Yashwant
214,Aadit314,Aadit
215,Aarush315,Aarush
216,Aashish316,Aashish
217,Abhiraj317,Abhiraj
218,Advait318,Advait
219,Ainesh319,Ainesh
220,Akhilesh320,Akhilesh
221,Amogh321,Amogh
222,Anshul322,Anshul
223,Arvind323,Arvind
224,Bhaskar324,Bhaskar
225,Brijesh325,Brijesh
226,Chetak326,Chetak
227,Dayanand327,Dayanand
228,Gopal328,Gopal
229,Harendra329,Harendra
230,Jagat330,Jagat
231,Kalpesh331,Kalpesh
232,Lalit332,Lalit
233,Milan333,Milan
234,Nagesh334,Nagesh
235,Prakash335,Prakash
236,Ravikant336,Ravikant
237,Shankar337,Shankar
238,Trilok338,Trilok
239,Vimal339,Vimal
240,Akul340,Akul
241,Bhuvesh341,Bhuvesh
242,Charan342,Charan
243,Devarsh343,Devarsh
244,Hemraj344,Hemraj
245,Ilesh345,Ilesh
246,Janmesh346,Janmesh
247,Kavin347,Kavin
248,Lakshit348,Lakshit
249,Manthan349,Manthan
250,Nirbhay350,Nirbhay
251,Prerit351,Prerit
252,Ronak352,Ronak
253,Saket353,Saket
254,Sharvil354,Sharvil
255,Tapan355,Tapan
256,Utpal356,Utpal
257,Yug357,Yug
